blanc_id,result,check_date,inspector
oaS4MF,45,2024-07-2,Проверяющий 17
jNg9fC,79,2024-07-16,Проверяющий 44
0FZwMO,60,2024-08-17,Проверяющий 46
9NJVWb,100,2024-07-30,Проверяющий 30
YLopyP,77,2024-07-24,Проверяющий 19
QZd7er,66,2024-07-19,Проверяющий 3
zMYZvw,69,2024-08-28,Проверяющий 23
yLH6Ur,85,2024-07-14,Проверяющий 40
xob4XW,75,2024-07-12,Проверяющий 43
F6R9f1,40,2024-07-6,Проверяющий 25
h8OcEp,83,2024-07-24,Проверяющий 3
5p83Ha,47,2024-07-1,Проверяющий 45
i6d1hT,84,2024-08-6,Проверяющий 15
u7Mrgc,87,2024-07-30,Проверяющий 0
HSqzUT,55,2024-08-9,Проверяющий 39
6XD6lr,90,2024-07-22,Проверяющий 42
NKPBgU,83,2024-07-6,Проверяющий 6
tj07WK,57,2024-08-29,Проверяющий 15
Cm4PGS,49,2024-08-22,Проверяющий 27
7mEMB5,41,2024-08-30,Проверяющий 24
rV1uJE,96,2024-08-5,Проверяющий 11
4AhJjd,81,2024-07-14,Проверяющий 45
aIR2EH,50,2024-08-3,Проверяющий 18
AUr5s9,95,2024-08-8,Проверяющий 36
4U9jMD,96,2024-07-25,Проверяющий 0
nZTKFn,73,2024-07-2,Проверяющий 36
4R7hKd,63,2024-07-24,Проверяющий 5
5ZY2Il,49,2024-07-3,Проверяющий 20
d5abVV,98,2024-07-26,Проверяющий 23
oKx1vV,90,2024-07-21,Проверяющий 11
i1o1dj,55,2024-08-17,Проверяющий 40
R00szo,91,2024-07-31,Проверяющий 33
ESVdtv,63,2024-08-16,Проверяющий 0
HDB23Z,82,2024-07-11,Проверяющий 29
2yiRlF,78,2024-07-27,Проверяющий 3
1AmRe1,49,2024-07-14,Проверяющий 37
8YaDlp,92,2024-07-22,Проверяющий 11
9kje17,100,2024-07-22,Проверяющий 13
AqmmRB,43,2024-07-5,Проверяющий 18
6kap0w,84,2024-08-6,Проверяющий 22
PWrHY7,88,2024-08-8,Проверяющий 4
3y7nPX,93,2024-07-30,Проверяющий 34
JAuxuh,83,2024-07-29,Проверяющий 30
92SZ9Y,57,2024-07-6,Проверяющий 27
p7uCPT,75,2024-07-29,Проверяющий 44
1LD2jJ,82,2024-07-20,Проверяющий 31
9MAjQx,79,2024-07-28,Проверяющий 6
6JamqC,62,2024-07-3,Проверяющий 9
Vxw2o4,69,2024-08-23,Проверяющий 8
qhreHD,49,2024-08-30,Проверяющий 45
itZU2J,50,2024-08-13,Проверяющий 46
DW6Zm8,84,2024-07-3,Проверяющий 23
TfziQA,61,2024-07-18,Проверяющий 28
Nn0gF6,95,2024-07-27,Проверяющий 26
glb4h2,94,2024-08-14,Проверяющий 34
76192p,95,2024-08-15,Проверяющий 41
kS1Lyz,46,2024-08-7,Проверяющий 32
1mOnAs,93,2024-08-11,Проверяющий 38
vrDS3H,63,2024-07-16,Проверяющий 26
JepebN,52,2024-07-1,Проверяющий 19
s4LcK8,96,2024-08-25,Проверяющий 21
NdSmqG,89,2024-08-1,Проверяющий 40
a4ZkZp,63,2024-08-27,Проверяющий 43
nW3n0l,92,2024-07-11,Проверяющий 3
Vh8IA2,85,2024-07-2,Проверяющий 27
uP0sKf,62,2024-07-9,Проверяющий 7
Rw1bfI,70,2024-08-28,Проверяющий 36
8Di3hP,70,2024-07-28,Проверяющий 23
x2oJZj,54,2024-07-6,Проверяющий 25
23EHds,80,2024-08-30,Проверяющий 5
SA9FLy,46,2024-07-22,Проверяющий 12
NiePGV,40,2024-07-19,Проверяющий 5
kFS9Si,58,2024-08-6,Проверяющий 18
sGKpXz,43,2024-07-17,Проверяющий 25
1ChPdR,61,2024-08-28,Проверяющий 25
C4b8cH,73,2024-08-26,Проверяющий 23
KdoQsX,70,2024-08-1,Проверяющий 2
poJuNE,75,2024-08-24,Проверяющий 18
5QvZ28,84,2024-07-10,Проверяющий 11
PIyRQl,98,2024-07-7,Проверяющий 42
6dCZKZ,45,2024-08-23,Проверяющий 27
ZNu4QM,62,2024-07-24,Проверяющий 4
upLt35,94,2024-07-21,Проверяющий 1
JHJAJ0,65,2024-08-5,Проверяющий 35
RzByAk,53,2024-07-19,Проверяющий 19
mDZHjB,82,2024-08-1,Проверяющий 13
CW0phG,68,2024-08-2,Проверяющий 9
LwT5ug,62,2024-07-1,Проверяющий 16
RjSvkG,73,2024-08-25,Проверяющий 29
u0JIVh,42,2024-08-7,Проверяющий 49
flhW4p,58,2024-08-18,Проверяющий 21
Qrjzk0,77,2024-08-3,Проверяющий 48
ZNTjhD,50,2024-08-22,Проверяющий 4
py13BB,91,2024-07-27,Проверяющий 34
GzUD04,61,2024-08-18,Проверяющий 30
ChUEAA,87,2024-07-12,Проверяющий 17
0gbcHh,80,2024-08-30,Проверяющий 43
hZfejA,66,2024-08-1,Проверяющий 23
1UAPJN,88,2024-08-31,Проверяющий 36
v3Y4ku,94,2024-07-8,Проверяющий 41
Kg7MLY,90,2024-07-26,Проверяющий 20
H2Vtti,45,2024-08-10,Проверяющий 1
dkhqj3,46,2024-08-19,Проверяющий 29
dMl4Ei,59,2024-08-28,Проверяющий 46
wVSGcV,64,2024-08-14,Проверяющий 33
Ganr7X,65,2024-07-16,Проверяющий 21
sasTAM,71,2024-08-6,Проверяющий 23
SVi2xx,43,2024-08-10,Проверяющий 33
QfBnZ4,67,2024-08-1,Проверяющий 17
pDLoEc,49,2024-08-2,Проверяющий 30
nwLs2c,50,2024-08-9,Проверяющий 34
VCNp4T,44,2024-08-22,Проверяющий 28
hIV32V,50,2024-08-27,Проверяющий 38
MgoLA5,64,2024-07-12,Проверяющий 39
QyNfYL,78,2024-07-28,Проверяющий 20
8ZbkiX,54,2024-07-3,Проверяющий 2
CT95Zi,48,2024-07-2,Проверяющий 40
kglVSc,53,2024-07-20,Проверяющий 21
rDpNtO,48,2024-08-12,Проверяющий 4
OKkUIU,98,2024-07-11,Проверяющий 23
exYWOa,40,2024-08-18,Проверяющий 20
UUejp1,66,2024-08-6,Проверяющий 43
8Yh9gq,96,2024-08-7,Проверяющий 27
g1soUK,48,2024-07-15,Проверяющий 12
evpGwb,89,2024-08-13,Проверяющий 18
6DY48u,82,2024-07-12,Проверяющий 46
g9ifoK,57,2024-08-12,Проверяющий 23
loDBJf,52,2024-07-10,Проверяющий 4
4fV3Cj,63,2024-08-14,Проверяющий 30
W65dTm,76,2024-08-15,Проверяющий 34
h5w5mP,43,2024-07-30,Проверяющий 26
6gALSn,60,2024-07-17,Проверяющий 41
Utyyxq,46,2024-08-23,Проверяющий 7
1kwrRb,51,2024-08-25,Проверяющий 36
egNywG,54,2024-08-17,Проверяющий 21
v0AbM2,44,2024-07-28,Проверяющий 26
21CCVv,59,2024-07-18,Проверяющий 18
UWPsdT,72,2024-08-16,Проверяющий 1
DIBnvv,41,2024-08-4,Проверяющий 20
895j7Z,90,2024-08-29,Проверяющий 42
ZO8pKN,47,2024-07-12,Проверяющий 17
t1tHzY,94,2024-08-27,Проверяющий 4
SMVlPV,67,2024-08-6,Проверяющий 22
2RypPp,84,2024-07-18,Проверяющий 9
nTfyK1,98,2024-08-23,Проверяющий 40
mHNb7v,78,2024-08-17,Проверяющий 0
qIqucs,81,2024-08-17,Проверяющий 35
JC7qS9,55,2024-07-3,Проверяющий 1
jikPuu,91,2024-07-30,Проверяющий 35
EhEiDp,69,2024-08-23,Проверяющий 14
