id,name,age,email,created_at
1,William Torres,44,pacosta@gmail.com,2023-11-07
2,Neil Ryan,21,geraldjones@hoffman.com,2022-07-08
3,Carrie Bishop,27,shannonlittle@klein.com,2023-07-17
4,Crystal Davidson,23,beardbrianna@hayes.info,2022-08-08
5,Diane Clements,56,joshua72@carr.com,2023-01-18
6,Zachary Jones,33,shawn52@brown.org,2022-12-20
7,Billy Flores,58,mary95@hotmail.com,2022-05-29
8,Dr. Martin Warren MD,38,yvonnegarcia@hotmail.com,2024-03-04
9,Lauren Schroeder,62,thomaskristi@yahoo.com,2022-07-30
10,Stephen Evans,19,lawrencejennifer@gmail.com,2022-06-13
11,Gloria Young,30,olsenamy@taylor.com,2023-10-31
12,Marie Jones,56,harrisonann@yahoo.com,2023-04-14
13,Ronald Romero,44,stephanie88@davis.com,2022-10-04
14,Linda Rosales,40,david18@gmail.com,2023-07-28
15,John Bell,46,sararichardson@yahoo.com,2023-02-20
16,Shawn Gonzalez,49,nathanhoward@harding.info,2023-01-10
17,Kimberly Rivera,26,fflores@ward-mcgrath.com,2024-03-25
18,Aaron Cole,36,rodom@gmail.com,2022-08-06
19,Robert Jones,21,elizabethhouston@coleman-allen.com,2023-08-02
20,Jackie Newman,23,abanks@hotmail.com,2022-12-27
21,Dr. Mary Christensen,59,george74@carr.com,2024-05-24
22,Tracey Campbell,27,amyavery@hotmail.com,2023-12-18
23,Brett Baker,30,hornsara@gmail.com,2023-08-21
24,Charles Ochoa,37,alicia94@wilson.info,2022-10-25
25,Jordan Velez,28,manuelhill@hawkins.net,2023-09-11
26,Lisa Bray,25,edward57@yahoo.com,2023-11-08
27,Jessica Webster,39,lawrence33@singh.com,2024-03-06
28,Nicholas Brandt,29,annejohnson@perez.org,2023-03-01
29,Catherine Hill,41,wnichols@bender.biz,2023-09-09
30,Tina Murray,24,callahanrobert@hotmail.com,2023-12-21
31,Seth Long,29,guzmanandrew@hotmail.com,2022-11-13
32,Eric Shepherd,53,pwilson@yahoo.com,2023-10-29
33,Billy Freeman,38,justin50@davies.biz,2022-11-24
34,Mark Daniels,38,robert02@smith.com,2023-09-08
35,Victoria Aguilar,65,stephanie07@hotmail.com,2023-01-23
36,Andrew Walls,22,costacaitlin@baldwin-bender.org,2022-09-12
37,James Haney,49,elizabethcruz@hotmail.com,2022-07-19
38,Susan Ray,50,mccartycindy@gmail.com,2024-05-10
39,Dennis Reyes,36,allisonrichardson@riddle.com,2022-10-05
40,Michael Huang,62,donna85@yahoo.com,2022-11-05
41,Stephen Soto,24,jenniferli@hotmail.com,2024-05-20
42,Megan Barnes,40,chad63@herman.net,2022-09-30
43,David Davis,63,mramirez@gonzalez-green.com,2023-06-29
44,Jasmine Watson,51,john20@jones.biz,2023-02-09
45,Mark Foster,18,morganmaria@hotmail.com,2023-01-30
46,Donna Williams,60,davidbowen@yahoo.com,2023-06-14
47,Jay Navarro,45,erikaward@horn-garcia.com,2023-10-19
48,Kyle Preston,54,montoyajames@yahoo.com,2022-05-28
49,Richard Smith,31,sanchezandrea@davis-ramirez.com,2023-09-06
50,Tyler Baker,31,robertbruce@schultz.com,2024-05-02
51,Ethan Snyder,60,nicoleestes@yahoo.com,2024-05-02
52,Jessica Morrison,65,mcombs@martinez-ali.com,2023-06-08
53,Karen Green,26,christinawilliamson@martinez.com,2023-12-09
54,Austin Oconnor,59,hodgeskerry@gmail.com,2024-03-06
55,Keith Adams,25,merrittmichael@sherman-chandler.com,2023-07-17
56,Craig Conley Jr.,56,millerstephanie@yahoo.com,2022-08-30
57,Thomas Rodriguez,48,davissarah@yahoo.com,2023-12-21
58,Terri Baker,60,thomasjacob@hotmail.com,2023-11-08
59,John Jackson,48,lambjessica@russell.com,2024-01-31
60,Tonya Day,34,mmoody@contreras-vega.com,2024-02-12
61,Katie Rivera,62,kennethlivingston@green-hall.com,2022-11-27
62,Amanda Roberts,24,christine77@hotmail.com,2023-11-24
63,Stephen Phillips,63,npearson@johnston.biz,2023-08-13
64,Annette Campbell,27,denisecallahan@gmail.com,2023-09-22
65,Monica Soto,35,eric28@gmail.com,2023-06-26
66,Sierra Hines,19,alexander07@yahoo.com,2023-09-08
67,Carl Wagner,56,austinmoore@rodriguez.org,2022-07-14
68,Edward Houston,24,williamsbradley@ross.com,2022-12-02
69,Heidi Anderson,21,gonzalezwilliam@hanna-guzman.com,2022-05-30
70,Jodi Wilson,61,danielle51@gmail.com,2022-12-07
71,Corey Mendoza,40,christopher94@edwards-barnes.com,2024-05-20
72,Wendy Vasquez,18,kelly84@yahoo.com,2023-02-02
73,Breanna Long,55,hfleming@yahoo.com,2023-01-04
74,Lisa Andrade,46,clarkandrea@adams-james.com,2022-06-20
75,Emily Simon,22,scott76@gmail.com,2022-10-17
76,Colton Wilkins,26,jeffreywilson@collins.com,2022-05-28
77,John Adams,54,wstout@dillon.com,2023-01-28
78,Austin Sharp Jr.,29,alyssajohnson@parsons.com,2024-04-20
79,Martha Johnson,46,whiteralph@hotmail.com,2024-02-15
80,Brittany Maddox,47,ogarcia@gmail.com,2024-03-15
81,Lacey Burke,57,hughesgregory@yahoo.com,2023-08-29
82,Hannah Ibarra,56,catherine04@rios.com,2023-11-04
83,Heather Morales,46,cynthia27@moon-rodriguez.com,2023-06-16
84,Melissa Ramirez,45,smithrebecca@hotmail.com,2022-10-31
85,Richard Williams,47,ikline@hotmail.com,2024-02-11
86,Benjamin Turner,30,atodd@gmail.com,2022-09-09
87,Christina Dunn,27,griffithbrett@hotmail.com,2022-07-01
88,Julie Zhang,37,regina97@cochran.net,2023-05-23
89,Robert Shaw,38,qbruce@haynes.biz,2023-09-20
90,Christy Singh,22,parkerkatherine@brown.info,2023-12-14
91,Antonio Campos,31,angela07@hotmail.com,2022-06-11
92,Joseph Greene,18,stephaniemarquez@yahoo.com,2022-10-03
93,Janet Garcia,24,twerner@ponce.biz,2023-06-27
94,Patricia Horton,24,melanie65@yahoo.com,2023-05-30
95,Zachary Russell,48,vincentcox@perez.com,2024-03-21
96,Kelsey Mcdaniel,28,phardin@yahoo.com,2023-04-21
97,Michael Goodwin,60,carlymay@thompson-boyd.org,2023-10-23
98,Tiffany Richards,56,valdezsamantha@hotmail.com,2024-03-02
99,Michael Taylor,26,renee59@brown-coleman.com,2023-09-30
100,Jeremy Simmons,20,hwilliams@graham-beasley.com,2022-12-12
